INSERT INTO gym VALUES ('34812','LA Fitness', 'Grand paire', '2019/12/18');  
INSERT INTO gym VALUES ('20318','Anytime Fitness', 'Irving', '2020/01/19'); 
INSERT INTO gym VALUES ('39028','Fitness Connection', 'Forthworth', '2020/02/13'); 
INSERT INTO gym VALUES ('28730','24 Hour Fitness', 'Dallas', '2019/09/18'); 
INSERT INTO gym VALUES ('27364','Planet Fitness', 'Denton', '2020/05/25'); 
INSERT INTO gym VALUES ('17283','Wellness Fitness', 'Hurst', '2020/05/26'); 
INSERT INTO gym VALUES ('26354','Abbott Fitness', 'Hurst', '2020/03/01'); 
INSERT INTO gym VALUES ('12093','LA Fitness', 'Grand paire', '2019/11/21'); 
INSERT INTO gym VALUES ('28374','Fitness Connection', 'Dallas', '2019/09/15'); 
INSERT INTO gym VALUES ('29837','LA Fitness', 'Grapevine', '2019/10/10'); 
INSERT INTO gym VALUES ('26743','24 Hour Fitness', 'Eueless', '2019/12/17'); 
INSERT INTO gym VALUES ('24534','Wellness Fitness', 'Bedfrod', '2020/05/18'); 
INSERT INTO gym VALUES ('26712','Anytime Fitness', 'Grand paire', '2020/09/10'); 
INSERT INTO gym VALUES ('19023','Fitness Connection', 'Dallas', '2020/07/20'); 
INSERT INTO gym VALUES ('10293','24 Hour Fitness', 'Grand paire', '2020/08/17'); 
INSERT INTO gym VALUES ('12283','Anytime Fitness', 'Grapevine', '2020/09/09'); 
INSERT INTO gym VALUES ('28839','Fitness Connection', 'Dallas', '2020/03/14'); 
INSERT INTO gym VALUES ('18297','Anytime Fitness', 'Irving', '2019/07/12');
INSERT INTO gym VALUES ('21723','24 Hour Fitness', 'Forthworth', '2019/04/12'); 
INSERT INTO gym VALUES ('12834','LA Fitness', 'Forthworth', '2019/09/12'); 

INSERT INTO customer VALUES ('101','Ted Marquis','Male','34812');
INSERT INTO customer VALUES ('102','Sandy Yule','Male','20318');
INSERT INTO customer VALUES ('103','Rosendo Hefner','Male','39028');
INSERT INTO customer VALUES ('104','Quentin Tibbits','Male','28730');
INSERT INTO customer VALUES ('105','Jonathan Thiem','Male','27364');
INSERT INTO customer VALUES ('106','Clayton Parekh','Male','17283');
INSERT INTO customer VALUES ('107','Christoper Lofland','Male','26354');
INSERT INTO customer VALUES ('108','Alejandro Kubiak','Male','12093');
INSERT INTO customer VALUES ('109','Carlos Albino','Male','28374');
INSERT INTO customer VALUES ('110','Cruz Burtch','Male','29837');
INSERT INTO customer VALUES ('111','Annmarie Whetstone','Female','26743');
INSERT INTO customer VALUES ('112','Vannesa Uresti','Female','24534');
INSERT INTO customer VALUES ('113','Olene Greco','Female','26712');
INSERT INTO customer VALUES ('114','Cyndy Sells','Female','19023');
INSERT INTO customer VALUES ('115','Yajaira Oyler','Female','10293');
INSERT INTO customer VALUES ('116','Jennette Tolman','Female','12283');
INSERT INTO customer VALUES ('117','Antonina Magee','Female','28839');
INSERT INTO customer VALUES ('118','Rose Zerby','Female','18297');
INSERT INTO customer VALUES ('119','Delphia Galang','Female','21723');
INSERT INTO customer VALUES ('120','Alona Kubota','Female','12834');

INSERT INTO basicinfo VALUES ('tedmarquis@twu.edu', '101 kg' ,'173 cm', '1975/12/7', 'Married', '101');
INSERT INTO basicinfo VALUES ('sandyyule@twu.edu', '120 kg' ,'149 cm', '1974/01/24', 'Unmarried', '102');
INSERT INTO basicinfo VALUES ('rosendohefner@twu.edu', '100 kg' ,'160 cm', '1992/12/17', 'Married', '103');
INSERT INTO basicinfo VALUES ('quentintibbitis@twu.edu', '95 kg' ,'153 cm', '1990/12/27', 'Married', '104');
INSERT INTO basicinfo VALUES ('jonathanthiem@twu.edu', '79 kg' ,'123 cm', '1975/05/13', 'Unmarried', '105');
INSERT INTO basicinfo VALUES ('claytonparekh@twu.edu', '75 kg' ,'119 cm', '1971/09/27', 'Married', '106');
INSERT INTO basicinfo VALUES ('christoperlofland@gmail.com', '72 kg' ,'113 cm', '1973/10/14', 'Unmarried', '107');
INSERT INTO basicinfo VALUES ('alejandrokubiak@gmail.com', '97 kg' ,'134 cm', '1982/09/20', 'unmarried', '108');
INSERT INTO basicinfo VALUES ('carlosalbina@rocketmail.com', '95 kg' ,'145 cm', '1988/06/27', 'Married', '109');
INSERT INTO basicinfo VALUES ('cruzburtch@yahoo.com', '65 kg' ,'151 cm', '1974/12/23', 'Unmarried', '110');
INSERT INTO basicinfo VALUES ('annamariewhetsone@gmail.com', '99 kg' ,'155 cm', '1993/11/26', 'Married', '111');
INSERT INTO basicinfo VALUES ('vannesauresti@gmail.com', '75 kg' ,'167 cm', '1982/03/07', 'Married', '112');
INSERT INTO basicinfo VALUES ('olenegreco@rocketmail.com', '150 kg' ,'179 cm', '1984/01/05', 'Unmarried', '113');
INSERT INTO basicinfo VALUES ('cyndysells@gmail.com', '110 kg' ,'164 cm', '1999/12/24', 'Married', '114');
INSERT INTO basicinfo VALUES ('yajairaoyler@rocketmail.com', '90 kg' ,'132 cm', '1972/05/08', 'Unmarried', '115');
INSERT INTO basicinfo VALUES ('jennettetolman@yahoo.com', '80 kg' ,'136 cm', '1992/10/06', 'Married', '116');
INSERT INTO basicinfo VALUES ('antoninamagee@yahoo.com', '71 kg' ,'167 cm', '1997/03/08', 'Unmarried', '117');
INSERT INTO basicinfo VALUES ('rosezerby@gmail.com', '55 kg' ,'148 cm', '1981/09/26', 'Unmarried', '118');
INSERT INTO basicinfo VALUES ('delphiagalang@twu.edu', '65 kg' ,'131 cm', '1980/11/19', 'Married', '119');
INSERT INTO basicinfo VALUES ('alonakubota@gmail.com', '110 kg' ,'124 cm', '2000/06/05', 'Unmarried', '120');

INSERT INTO custphone VALUES ('301-559-5574','101'); 
INSERT INTO custphone VALUES ('786-973-5150','102'); 
INSERT INTO custphone VALUES ('804-720-9568','103'); 
INSERT INTO custphone VALUES ('804-755-2917','103'); 
INSERT INTO custphone VALUES ('660-256-0696','104'); 
INSERT INTO custphone VALUES ('305-608-3417','105'); 
INSERT INTO custphone VALUES ('815-867-0514','105'); 
INSERT INTO custphone VALUES ('704-328-0960','106'); 
INSERT INTO custphone VALUES ('602-819-1326','106'); 
INSERT INTO custphone VALUES ('773-972-6969','106'); 
INSERT INTO custphone VALUES ('415-785-9286','107'); 
INSERT INTO custphone VALUES ('480-610-5150','108'); 
INSERT INTO custphone VALUES ('917-470-4749','109'); 
INSERT INTO custphone VALUES ('323-554-0534','110'); 
INSERT INTO custphone VALUES ('817-703-8762','110'); 
INSERT INTO custphone VALUES ('406-513-2388','111'); 
INSERT INTO custphone VALUES ('989-501-1080','112'); 
INSERT INTO custphone VALUES ('806-776-6909','113'); 
INSERT INTO custphone VALUES ('206-666-3820','113'); 
INSERT INTO custphone VALUES ('734-549-0888','114'); 
INSERT INTO custphone VALUES ('302-788-7604','114'); 
INSERT INTO custphone VALUES ('941-348-9673','115'); 
INSERT INTO custphone VALUES ('907-430-4062','116'); 
INSERT INTO custphone VALUES ('704-453-1826','117'); 
INSERT INTO custphone VALUES ('347-669-2153','118'); 
INSERT INTO custphone VALUES ('435-239-8387','119'); 
INSERT INTO custphone VALUES ('301-387-8675','120'); 

INSERT INTO food VALUES ('F1','Vegetarian',1809, 2100, 'Protein' );
INSERT INTO food VALUES ('F2','Vegan',1720,1980, 'Fiber');
INSERT INTO food VALUES ('F3','Low Carbs',1600, 1990, 'Carbs' );
INSERT INTO food VALUES ('F4','Plant Based',2000, 2400, 'Protein' );
INSERT INTO food VALUES ('F5','Zone Diet',1700, 2600, 'Fiber' );
INSERT INTO food VALUES ('F6','Ketogenic',1660, 2700, 'Carbs' );
INSERT INTO food VALUES ('F7','Meat Based',1570,3200, 'Protein' );
INSERT INTO food VALUES ('F8','Zone Diet',1293, 2300, 'Carbs' );
INSERT INTO food VALUES ('F9','Vegetarian',1578, 2900, 'Fiber' );
INSERT INTO food VALUES ('F10','Low Carbs',1890, 2500, 'Protein' );
INSERT INTO food VALUES ('F11','Plant Based',1782, 2900, 'Fiber' );
INSERT INTO food VALUES ('F12','Ketogenic',1453, 2199, 'Protein' );
INSERT INTO food VALUES ('F13','Vegan',1341, 3400, 'Carbs' );
INSERT INTO food VALUES ('F14','Plant Based',2131, 2300, 'Sugar' );
INSERT INTO food VALUES ('F15','Ketogenic',2100, 2400, 'Sugar' );
INSERT INTO food VALUES ('F16','Low Carbs',1400, 2560, 'Fiber' );
INSERT INTO food VALUES ('F17','Vegetarian',2000, 2100, 'Carbs' );
INSERT INTO food VALUES ('F18','Plant Based',1740, 2810, 'Protein' );
INSERT INTO food VALUES ('F19','Vegan',1400, 2710, 'Carbs' );
INSERT INTO food VALUES ('F20','Ketogenic',1274, 2680, 'Protein' );

INSERT INTO consumes VALUES ('101','F1');
INSERT INTO consumes VALUES ('102','F2');
INSERT INTO consumes VALUES ('103','F3');
INSERT INTO consumes VALUES ('104','F4');
INSERT INTO consumes VALUES ('105','F5');
INSERT INTO consumes VALUES ('106','F6');
INSERT INTO consumes VALUES ('107','F7');
INSERT INTO consumes VALUES ('108','F8');
INSERT INTO consumes VALUES ('109','F9');
INSERT INTO consumes VALUES ('110','F10');
INSERT INTO consumes VALUES ('111','F11');
INSERT INTO consumes VALUES ('112','F12');
INSERT INTO consumes VALUES ('113','F13');
INSERT INTO consumes VALUES ('114','F14');
INSERT INTO consumes VALUES ('115','F15');
INSERT INTO consumes VALUES ('116','F16');
INSERT INTO consumes VALUES ('117','F17');
INSERT INTO consumes VALUES ('118','F18');
INSERT INTO consumes VALUES ('119','F19');
INSERT INTO consumes VALUES ('120','F20');


 INSERT INTO exercise VALUES ('W1','Cardio', '40 mins', 300 ); 
 INSERT INTO exercise VALUES ('W2','Aerobic Exercise', '60 mins',220); 
 INSERT INTO exercise VALUES ('W3','Anaerobic Exercise', '45 mins', 320); 
 INSERT INTO exercise VALUES ('W4','Circuit', '50 mins', 320 ); 
 INSERT INTO exercise VALUES ('W5','Compound Exercises', '1 hour 20 mins', 400); 
 INSERT INTO exercise VALUES ('W6','Cross-Training', '60 mins', 290); 
 INSERT INTO exercise VALUES ('W7','Interval Training', '1 hour 30 mins', 250); 
 INSERT INTO exercise VALUES ('W8',' Isometrics', '1 hour', 280); 
 INSERT INTO exercise VALUES ('W9','Plyometrics', '40 mins', 200); 
 INSERT INTO exercise VALUES ('W10','Steady-State Cardio', '35 mins', 110); 
 INSERT INTO exercise VALUES ('W11','Strength Training', '1 hour 30 mins', 270); 
 INSERT INTO exercise VALUES ('W12','Tabata', '30 mins', 120); 
 INSERT INTO exercise VALUES ('W13','HIIT', '50 mins', 300); 
 INSERT INTO exercise VALUES ('W14','Heart Rate Zones', '40 mins', 265); 
 INSERT INTO exercise VALUES ('W15','Functional Moves', '30 mins', 130); 
 INSERT INTO exercise VALUES ('W16','Stretching', '30 mins', 110); 
 INSERT INTO exercise VALUES ('W17','Foam Rolling', '60 mins', 275); 
 INSERT INTO exercise VALUES ('W18','Flexibility', '30 mins', 114); 
 INSERT INTO exercise VALUES ('W19','Balance Exercise', '60 mins', 250); 
 INSERT INTO exercise VALUES ('W20','Yoga', '45 mins',210); 

 INSERT INTO has VALUES ('34812','W1');
 INSERT INTO has VALUES ('20318','W2');
 INSERT INTO has VALUES ('39028','W3');
 INSERT INTO has VALUES ('28730 ','W4');
 INSERT INTO has VALUES ('27364','W5');
 INSERT INTO has VALUES ('17283','W6');
 INSERT INTO has VALUES ('26354','W7');
 INSERT INTO has VALUES ('12093','W8');
 INSERT INTO has VALUES ('28374','W9');
 INSERT INTO has VALUES ('29837','W10');
 INSERT INTO has VALUES ('26743','W11');
 INSERT INTO has VALUES ('24534','W12');
 INSERT INTO has VALUES ('26712','W13');
 INSERT INTO has VALUES ('19023','W14');
 INSERT INTO has VALUES ('10293','W15');
 INSERT INTO has VALUES ('12283','W16');
 INSERT INTO has VALUES ('28839','W17');
 INSERT INTO has VALUES ('18297','W18');
 INSERT INTO has VALUES ('21723','W19');
 INSERT INTO has VALUES ('12834','W20');